{
  "$schema": "https://schemas.wp.org/trunk/theme.json",
  "title": "Orange",
  "version": 2,
  "settings": {
    "color": {
        "palette": [
            {
                "color": "#ffffff",
                "name": "Base",
                "slug": "base"
            },
            {
                "color": "#FF7700",
                "name": "Primary",
                "slug": "primary"
            },
            {
                "color": "#FFEAD3",
                "name": "Primary Light",
                "slug": "primary-light"
            },
            {
                "color": "#222222",
                "name": "Headings",
                "slug": "heading"
            },
            {
                "color": "#757575",
                "name": "Body Text",
                "slug": "body-text"
            },
            {
                "color": "#f8f8f8",
                "name": "Section Background",
                "slug": "section-bg"
            },
            {
                "color": "#ffffff",
                "name": "Background",
                "slug": "background"
            },
            {
                "color": "#000000",
                "name": "Foreground",
                "slug": "foreground"
            },
            {
                "color":"#dfdfdf",
                "name": "Border Color",
                "slug": "border-color"
            },
            {
                "color":"#a7aaad",
                "name": "Sidebar Shadow Color",
                "slug": "sidebar-shadow-color"
            }
            
        ]
    }
  },
  "styles": {
    "elements": {
      "heading": {
        "typography": {
          "fontFamily": "var(--wp--preset--font-family--lora)"
        }
      }
    },
    "typography": {
      "fontFamily": "var(--wp--preset--font-family--lora)"
    }
  }
}